Time,Life,SOC,slave_num,sum_volt,extsum_volt,current,avg_current,max_volt,max_volt_no,min_volt,min_volt_no,max_t,max_temp_no,min_t,min_temp_no,Bat_ErrCode,BatSYS_ErrCode,HD_ErrCode,Other_ErrCode,Total_in_AH,Total_out_AH,LifeA,sum_voltA,sum_currA,max_voltA,max_volt_noA,min_voltA,min_volt_noA,max_tA,max_temp_noA,min_tA,min_temp_noA,diff_VA,diff_TA,ErrorFlagA,BalanceA,sla_vnumA,sla_tnumA
8:57:26,50.000000,85.300000,3.000000,0.000000,1.300000,313.100000,313.300000,65.535000,0.000000,65.535000,0.000000,215.000000,0.000000,215.000000,0.000000,3C00C00000000000,0000000000000000,0000000300000000,000000000000000,0.000000,3.327000,0.000000,0.000000,0.000000,0.000000,0.000000,0.000000,0.000000,0.000000,0.000000,0.000000,0.000000,0.000000,0.000000,,0,0.000000,0.000000
8:59:22,101.000000,80.600000,3.000000,0.000000,1.300000,313.100000,313.300000,65.535000,0.000000,65.535000,0.000000,-40.000000,0.000000,-40.000000,0.000000,CC00C00000000000,0000000000000000,0000000000000000,000000000000000,0.000000,0.341000,0.000000,0.000000,0.000000,0.000000,0.000000,0.000000,0.000000,0.000000,0.000000,0.000000,0.000000,0.000000,0.000000,,0,0.000000,0.000000
8:59:23,121.000000,80.500000,3.000000,0.000000,1.300000,313.100000,313.300000,65.535000,0.000000,65.535000,0.000000,215.000000,0.000000,215.000000,0.000000,CC00C00000000000,0000000000000000,0000000300000000,000000000000000,0.000000,0.426000,0.000000,0.000000,0.000000,0.000000,0.000000,0.000000,0.000000,0.000000,0.000000,0.000000,0.000000,0.000000,0.000000,,0,0.000000,0.000000
9:02:24,134.000000,80.400000,3.000000,0.000000,1.300000,313.100000,313.300000,65.535000,0.000000,65.535000,0.000000,215.000000,0.000000,215.000000,0.000000,CC00C00000000000,0000000000000000,0000000300000000,000000000000000,0.000000,0.426000,0.000000,0.000000,0.000000,0.000000,0.000000,0.000000,0.000000,0.000000,0.000000,0.000000,0.000000,0.000000,0.000000,,0,0.000000,0.000000
