Time,Life,SOC,slave_num,sum_volt,extsum_volt,current,avg_current,max_volt,max_volt_no,min_volt,min_volt_no,max_t,max_temp_no,min_t,min_temp_no,Bat_ErrCode,BatSYS_ErrCode,HD_ErrCode,Other_ErrCode,Total_in_AH,Total_out_AH,LifeA,sum_voltA,sum_currA,max_voltA,max_volt_noA,min_voltA,min_volt_noA,max_tA,max_temp_noA,min_tA,min_temp_noA,diff_VA,diff_TA,ErrorFlagA,BalanceA,sla_vnumA,sla_tnumA
15:41:04,200.000000,0.000000,0.000000,0.100000,0.000000,-189.800000,-189.900000,0.000000,0.000000,0.000000,1.000000,0.000000,0.000000,0.000000,0.000000,CC00308300000000,0000000000000000,0200000000000000,000000000000000,203.647000,0.000000,0.000000,0.000000,0.000000,0.000000,0.000000,0.000000,0.000000,0.000000,0.000000,0.000000,0.000000,0.000000,0.000000,,0,0.000000,0.000000
15:41:05,214.000000,0.000000,0.000000,0.100000,0.000000,-189.800000,-189.900000,0.000000,0.000000,0.000000,1.000000,0.000000,0.000000,0.000000,0.000000,CC00308300000000,0000000000000000,0200000000000000,000000000000000,203.690000,0.000000,0.000000,0.000000,0.000000,0.000000,0.000000,0.000000,0.000000,0.000000,0.000000,0.000000,0.000000,0.000000,0.000000,,0,0.000000,0.000000
15:41:06,223.000000,0.000000,0.000000,0.100000,0.000000,-189.800000,-189.900000,0.000000,0.000000,0.000000,1.000000,0.000000,0.000000,0.000000,0.000000,CC00308300000000,0000000000000000,0200000000000000,000000000000000,203.748000,0.000000,0.000000,0.000000,0.000000,0.000000,0.000000,0.000000,0.000000,0.000000,0.000000,0.000000,0.000000,0.000000,0.000000,,0,0.000000,0.000000
15:41:07,237.000000,0.000000,0.000000,0.100000,0.000000,-189.800000,-189.900000,0.000000,0.000000,0.000000,1.000000,0.000000,0.000000,0.000000,0.000000,CC00308300000000,0000000000000000,0200000000000000,000000000000000,203.748000,0.000000,0.000000,0.000000,0.000000,0.000000,0.000000,0.000000,0.000000,0.000000,0.000000,0.000000,0.000000,0.000000,0.000000,,0,0.000000,0.000000
