Time,Life,SOC,slave_num,sum_volt,extsum_volt,current,avg_current,max_volt,max_volt_no,min_volt,min_volt_no,max_t,max_temp_no,min_t,min_temp_no,Bat_ErrCode,BatSYS_ErrCode,HD_ErrCode,Other_ErrCode,Total_in_AH,Total_out_AH,LifeA,sum_voltA,sum_currA,max_voltA,max_volt_noA,min_voltA,min_volt_noA,max_tA,max_temp_noA,min_tA,min_temp_noA,diff_VA,diff_TA,ErrorFlagA,BalanceA,sla_vnumA,sla_tnumA
15:40:21,207.000000,0.000000,0.000000,0.100000,0.000000,-189.800000,-189.800000,0.000000,0.000000,0.000000,1.000000,0.000000,0.000000,0.000000,0.000000,CC00308300000000,0000000000000000,0200000000000000,000000000000000,202.321000,0.000000,0.000000,0.000000,0.000000,0.000000,0.000000,0.000000,0.000000,0.000000,0.000000,0.000000,0.000000,0.000000,0.000000,,0,0.000000,0.000000
15:40:22,215.000000,0.000000,0.000000,0.100000,0.000000,-189.800000,-189.800000,0.000000,0.000000,0.000000,1.000000,0.000000,0.000000,0.000000,0.000000,CC00308300000000,0000000000000000,0200000000000000,000000000000000,202.379000,0.000000,0.000000,0.000000,0.000000,0.000000,0.000000,0.000000,0.000000,0.000000,0.000000,0.000000,0.000000,0.000000,0.000000,,0,0.000000,0.000000
15:40:23,230.000000,0.000000,0.000000,0.100000,0.000000,-189.700000,-189.800000,0.000000,0.000000,0.000000,1.000000,0.000000,0.000000,0.000000,0.000000,CC00308300000000,0000000000000000,0200000000000000,000000000000000,202.379000,0.000000,0.000000,0.000000,0.000000,0.000000,0.000000,0.000000,0.000000,0.000000,0.000000,0.000000,0.000000,0.000000,0.000000,,0,0.000000,0.000000
15:40:24,244.000000,0.000000,0.000000,0.100000,0.000000,-189.800000,-189.800000,0.000000,0.000000,0.000000,1.000000,0.000000,0.000000,0.000000,0.000000,CC00308300000000,0000000000000000,0200000000000000,000000000000000,202.434000,0.000000,0.000000,0.000000,0.000000,0.000000,0.000000,0.000000,0.000000,0.000000,0.000000,0.000000,0.000000,0.000000,0.000000,,0,0.000000,0.000000
15:40:25,252.000000,0.000000,0.000000,0.100000,0.000000,-189.800000,-189.800000,0.000000,0.000000,0.000000,1.000000,0.000000,0.000000,0.000000,0.000000,CC00308300000000,0000000000000000,0200000000000000,000000000000000,202.434000,0.000000,0.000000,0.000000,0.000000,0.000000,0.000000,0.000000,0.000000,0.000000,0.000000,0.000000,0.000000,0.000000,0.000000,,0,0.000000,0.000000
